obs_names,V1
AAACCGTTCGTCCAGG-1,1
AAACCTAAGCAGCCGG-1,1
AAACGAGACGGTTGAT-1,1
AAACGGTTGCGAACTG-1,1
AAACTCGGTTCGCAAT-1,1
AAACTGCTGGCTCCAA-1,1
AAAGGCTACGGACCAT-1,1
AAAGGCTCTCGCGCCG-1,3
AAAGGGATGTAGCAAG-1,1
AAAGTGTGATTTATCT-1,3
AAAGTTGACTCCCGTA-1,1
AAATACCTATAAGCAT-1,3
AAATAGGGTGCTATTG-1,1
AAATCGTGTACCACAA-1,1
AAATGGTCAATGTGCC-1,1
AAATTAACGGGTAGCT-1,1
AAATTTGCGGGTGTGG-1,1
AACAACTGGTAGTTGC-1,1
AACACACGCTCGCCGC-1,1
AACATTGTGACTCGAG-1,1
AACCCTACTGTCAATA-1,1
AACCGAGCTTGGTCAT-1,1
AACCGCTAAGGGATGC-1,1
AACCTCGCTTTAGCCC-1,1
AACCTTTAAATACGGT-1,1
AACGATAATGCCGTAG-1,1
AACGATATGTCAACTG-1,1
AACGCGACCTTGGGCG-1,1
AACGCGGTCTCCAGCC-1,3
AACGCTGTTGCTGAAA-1,1
AACGGACGTACGTATA-1,3
AACGGCCATCTCCGGT-1,1
AACGTACTGTGGGTAC-1,3
AACGTGCGAAAGTCTC-1,3
AACTAGGCTTGGGTGT-1,2
AACTCAAGTTAATTGC-1,3
AACTCCAGAGCGTGTT-1,2
AACTCTCAATAGAGCG-1,3
AACTCTCAGTGTGCTC-1,2
AACTGGGTCCCGACGT-1,2
AAGACCCAACTGAACA-1,2
AAGACTGCAAGCTACT-1,2
AAGAGCTCTTTATCGG-1,2
AAGAGGCATGGATCGC-1,3
AAGATGGCACCGGACC-1,3
AAGATTGGCGGAACGT-1,1
AAGCACCCTGCGTATC-1,3
AAGCATACTCTCCTGA-1,1
AAGCGCAGGGCTTTGA-1,1
AAGCTAGATCGAGTAA-1,1
AAGCTCGTGCCAAGTC-1,1
AAGCTCTTTCATGGTG-1,1
AAGGAGCGGTTGGTGC-1,1
AAGGATGAGGGACCTC-1,1
AAGGCTGTGCTCATCG-1,1
AAGGGACAGATTCTGT-1,1
AAGGTATCCTAATATA-1,1
AAGGTGATAAACCAGC-1,1
AAGTCAATTGTCGTCA-1,1
AAGTGAGTCGGGTTTA-1,1
AAGTGTTTGGAGACGG-1,1
AAGTTCACTCCAAGCT-1,1
AAGTTCGGCCAACAGG-1,1
AAGTTTATGGGCCCAA-1,1
AATAACACTAGAACAA-1,1
AATAGAACAGAGTGGC-1,1
AATAGAATCTGTTTCA-1,3
AATAGTCCGTCCCGAC-1,1
AATCGCCTCAGCGCCA-1,3
AATCTGCGTTGGGACG-1,3
AATGACAGCAATGTCT-1,2
AATGACGTAGGATGTC-1,2
AATGCAACCGGGTACC-1,2
AATTAAAGGTCGGCGT-1,2
AATTAACGGATTTCCA-1,2
AATTAGCGCTGCAGCG-1,2
AATTCCAAGCATGTAC-1,2
AATTCGATTCGAGGAT-1,2
AATTCTAGAGTTAGGC-1,2
AATTGAACGCTCTGGT-1,2
ACAAATCGCACCGAAT-1,2
ACAAATGGTAGTGTTT-1,2
ACAACAGCATGAGCTA-1,2
ACAAGGAAATCCGCCC-1,2
ACAAGGATGCTTTAGG-1,2
ACAAGGGCAGGCTCTG-1,2
ACAATCCATTTAAACC-1,2
ACAATTGTGTCTCTTT-1,2
ACAATTTGAGCAGTGG-1,2
ACACAAAGACGGGTGG-1,3
ACACACCAGGACCAGT-1,2
ACACCCAGCATGCAGC-1,3
ACACGAGACTCCTTCT-1,3
ACACGGGAACTTAGGG-1,1
ACACTGATCAAGGTGT-1,3
ACAGGCTTGCCCGACT-1,1
ACAGGTGGAGGTGAGG-1,1
ACATAATAAGGCGGTG-1,1
ACATCCCGGCCATACG-1,1
ACATCGATCGTTTACC-1,1
ACATCGGTCAGCCGCG-1,1
ACATCGTATGCAATGG-1,1
ACATTAGTTTATATCC-1,1
ACCAACGCTTATTTAT-1,1
ACCAATATGCAAGTTA-1,1
ACCACAAGTTTCTATC-1,1
ACCACGTGCAGCTATA-1,1
ACCAGTGCGGGAGACG-1,1
ACCATATCCGCAATAA-1,1
ACCATCGTATATGGTA-1,1
ACCCAACGCCCGTGGC-1,3
ACCCATCTTGAGGGTA-1,1
ACCCGGAAACTCCCAG-1,3
ACCCGGATGACGCATC-1,3
ACCCGGTTACACTTCC-1,2
ACCCGTGTCATCAGTA-1,2
ACCCTATGCCATATCG-1,2
ACCCTCCCTTGCTATT-1,2
ACCGACACATCTCCCA-1,5
ACCGACTGAGTCCCAC-1,2
ACCGATGGTAGCATCG-1,5
ACCGCAATAACTGCCT-1,2
ACCGGGCCTTTGTTGA-1,2
ACCTAAGTACCTTTCA-1,2
ACCTACTATAAATCTA-1,2
ACGATACATAGAACTA-1,2
ACGATCATACATAGAG-1,2
ACGATGCATATGTTAT-1,2
ACGCAAACTAATAGAT-1,2
ACGCATTCGTGAGTAC-1,2
ACGCCGCTAGACGACC-1,2
ACGCGAAGTCAGACGA-1,2
ACGCGCTACACAGGGT-1,2
ACGCGGGCCAAGGACA-1,2
ACGGACTCTCAAAGCG-1,2
ACGGATGGTGCGGATA-1,2
ACGGCACTTGCTTGGG-1,2
ACGGCCAACATGGACT-1,2
ACGGCGACGATGGGAA-1,2
ACGTAGATTGCTGATG-1,2
ACGTATTACTCCGATC-1,2
ACGTTAATGTCGAAGA-1,2
ACGTTAGATTTGCCCG-1,2
ACGTTCGTTCAGGAAA-1,3
ACTACGCGTTAGAATT-1,2
ACTATTTCCGGGCCCA-1,3
ACTCAAGTGCAAGGCT-1,3
ACTCAATAAAGGCACG-1,1
ACTCCCTAATGCTAAA-1,1
ACTCCCTAGAATAGTA-1,1
ACTCGTCAGTAATCCC-1,1
ACTCTCTGACTTAGGT-1,1
ACTCTTGTATAGTAAC-1,1
ACTGAAACGCCGTTAG-1,1
ACTGAATGGCGAAAGT-1,1
ACTGTACGATACACAT-1,1
ACTGTCCAGGATTATA-1,1
ACTGTCTTCTTTAGAA-1,3
ACTTACGCATCCACGC-1,1
ACTTATACTTACCCGG-1,2
ACTTATTAGGATCGGT-1,3
ACTTATTTATGTGCCA-1,2
ACTTCAGGCTGATCCC-1,3
ACTTCCATGCGGGACA-1,2
ACTTCGCCATACGCAC-1,2
ACTTGACTCCCTCTTT-1,2
ACTTGGGACCCGGTGG-1,2
ACTTTCCTATAGCTTC-1,5
AGAACGTGGTACATTC-1,2
AGAAGAGCGCCGTTCC-1,5
AGAAGGTTGCCGAATT-1,5
AGAAGGTTGTAGGTCG-1,5
AGAAGTGATTCGTGAT-1,5
AGAATTATGGATTCGA-1,2
AGACCCACCGCTGATC-1,2
AGACCCGCCCTCCTCG-1,2
AGACGAAGTGCCGGTC-1,2
AGACGACGATGCCGCT-1,2
AGACTAGCCTTCCAGA-1,2
AGACTGTTACCGGGTC-1,5
AGAGAACCGTCTAGGA-1,5
AGATAACTTCAGGGCC-1,5
AGATACCGGTGTTCAC-1,2
AGATACTCAAGATCGA-1,5
AGATATAATACGACTA-1,2
AGATCTCAGGTGTGAT-1,2
AGATTATAGGACGTTT-1,2
AGCAAAGGCCGCTAGT-1,2
AGCAACATATCTTATT-1,2
AGCACCAGTACTCACG-1,2
AGCACTACCTCACCAG-1,2
AGCAGAAGGAGAAAGA-1,2
AGCAGCCAGATGAATA-1,2
AGCATATCAATATGCT-1,2
AGCCAAGCTTTGTGTC-1,2
AGCCACAGGTTACCCG-1,2
AGCCACTCCCGTGCTT-1,2
AGCCATATAGTATGTG-1,2
AGCCCGCAACAAGCAG-1,2
AGCCCGGTAGCCTGTA-1,2
AGCGACAGGAACGGTC-1,3
AGCGACCAACGATATT-1,3
AGCGCATAATGAATCG-1,1
AGCGGACACTTCGTAG-1,1
AGCGGGTCTGACACTC-1,1
AGCGTGGTATTCTACT-1,1
AGCTAAGTACGCAGGC-1,1
AGCTCCTTCGCACATC-1,1
AGCTCTAGACGTTCCA-1,1
AGCTCTTTACTCAGTT-1,1
AGCTGAAGTAAACCAA-1,1
AGGAAGCTGTCCGCCG-1,1
AGGACAGTCGAATCCC-1,1
AGGACGACCCATTAGA-1,1
AGGATAAAGTCGGGAT-1,3
AGGATATAGGGATTTA-1,3
AGGCAGATGCGTAAAC-1,2
AGGCAGGGAGCGTACT-1,2
AGGCATTGTCGTAGGG-1,2
AGGCCTGAGAATCTCG-1,2
AGGCTTCCCGAAGAAG-1,2
AGGGACTCTACGCGAC-1,5
AGGGCTGCAGTTACAG-1,2
AGGGTCGATGCGAACT-1,5
AGGGTGCTCTCGAGGG-1,2
AGGGTTCCCTTTGGTT-1,5
AGGGTTTAGTTCGGGA-1,5
AGGTGGTGACCTTCGC-1,5
AGGTTGAGGCACGCTT-1,5
AGGTTTCACACACCTT-1,5
AGTACGGGCACCTGGC-1,5
AGTACTCTTATGCCCA-1,2
AGTATACACAGCGACA-1,2
AGTATTTGGCACGACC-1,2
AGTCAACACCACCATC-1,5
AGTCAAGATGACACTT-1,5
AGTCCATTGGCTGATG-1,5
AGTCGACGGTCTCAAG-1,5
AGTCGTATAAAGCAGA-1,5
AGTCGTCGACCACCAA-1,5
AGTCGTGGGCATTACG-1,5
AGTCTTCTCCTCAAAT-1,5
AGTCTTTAAAGTGTCC-1,2
AGTGACCTACTTTACG-1,2
AGTGAGACTTCCAGTA-1,5
AGTGATAACCTGCGCG-1,5
AGTGATATGAGTAGTT-1,5
AGTGATTCAAGCAGGA-1,2
AGTGCACGCTTAAGAA-1,5
AGTGCGTAGCTCGTAA-1,2
AGTGCTTGCACGAATA-1,2
AGTGGCGTCTGAAGGT-1,2
AGTTAAACACTTGCGA-1,2
AGTTCCTACAGAATTA-1,2
AGTTCCTATTTATGTT-1,2
AGTTGACGGTCCTTGC-1,2
AGTTTGCACCTGCCTC-1,2
AGTTTGGCCAGACCTA-1,2
ATAAACGGACCCGTAA-1,2
ATAAAGGCTCGGTCGT-1,2
ATAACGCCGGAGGGTC-1,2
ATAACGGAGTCCAACG-1,3
ATAAGGTGGAGAACAT-1,3
ATAAGTTACCGCGACG-1,1
ATAATAGCTGTTGAAT-1,1
ATAATCTTGGAGAACC-1,1
ATAATTAGCTAAGTAG-1,1
ATACCTAACCAAGAAA-1,1
ATACGCCGGCGAAACC-1,1
ATACGGGTTTCGATTG-1,1
ATACGTACTTAGCCAC-1,1
ATACGTCCACTCCTGT-1,1
ATACGTTATGCACGGA-1,1
ATACTAGCATGACCCT-1,1
ATACTGCCTTACACCG-1,1
ATAGACAACGGGACCT-1,3
ATAGACGAAGAGAAAG-1,3
ATAGAGTACTGGGACA-1,2
ATAGAGTTATCAACTT-1,2
ATAGGCGGCTATAGAA-1,2
ATAGGGATATCCTTGA-1,2
ATAGGTTGGGCAGATG-1,5
ATAGTGAAGCGTTCTC-1,5
ATATAAAGCGCTCGTG-1,5
ATATAAATGTAGCTGC-1,2
ATATCGTTCCTCGAAC-1,5
ATATCTTAGGGCCTTC-1,2
ATATGTCTCCCTAGCC-1,4
ATATTCAGTTAAACCT-1,4
ATATTCCACATAGTGA-1,4
ATATTTAACCCTCAAG-1,5
ATCAAACGAAGGTTTG-1,4
ATCAATCTGGGCTGCA-1,5
ATCACATTAGAATATC-1,2
ATCACGTGCTAATTAA-1,2
ATCACTTCATCCTCGC-1,5
ATCAGACGGCACGCCG-1,5
ATCAGCCTCATGCTGC-1,5
ATCAGTAGGCAGGGAT-1,5
ATCATCCAATATTTGT-1,5
ATCCAATGGAGGGTCC-1,5
ATCCACATCGACAGAA-1,2
ATCCAGAGCAACAACC-1,2
ATCCAGGATTCGTGAA-1,2
ATCCTACCTAAGCTCT-1,2
ATCCTGCGTGGAATGG-1,5
ATCGACCCAATACAGA-1,5
ATCGACTCTTTCCGTT-1,5
ATCGCACGCCGGGAGA-1,5
ATCGGAGACAGACGGC-1,5
ATCTAATATCCTACGG-1,5
ATCTAGCTTGTGAGGG-1,5
ATCTGCTGTTATCGCC-1,5
ATCTGGGCTGTTCTTG-1,5
ATCTGGTTAAGACTGT-1,2
ATGACGCGTTCTATCC-1,2
ATGACTATCAGCTGTG-1,2
ATGACTATGCGACATT-1,2
ATGATGCAATGGTACA-1,2
ATGCACTACCGCATTG-1,2
ATGCATGATCCAGGAT-1,2
ATGCCATTTGCGACCA-1,2
ATGCCGGTCTTGCATA-1,2
ATGCGACAGTCCCATT-1,2
ATGCTCTGGCGCGGTA-1,2
ATGGAGCAGGCCGTGA-1,2
ATGGATTGACCAAACG-1,3
ATGGGCCTCGGCCTCT-1,3
ATGGTCGCGTGGTTTC-1,1
ATGTACGATGACGTCG-1,1
ATGTAGCGCGCGTAGG-1,1
ATGTGCATCCGACGCA-1,1
ATGTGGACATCTTGAT-1,1
ATGTTGTAGTCTGTTT-1,1
ATTAAACATGCGGACC-1,1
ATTAATACTACGCGGG-1,1
ATTAATGAACCAGTCG-1,1
ATTACGCGCTGGCAGG-1,1
ATTAGGCGATGCTTTC-1,1
ATTATCGGAATGTACG-1,1
ATTATTATGTCCGTCA-1,3
ATTCACTGATGTTGGA-1,3
ATTCATATACTGTCCA-1,2
ATTCATCGTTGAGGCA-1,2
ATTGAAGATCTTAGTG-1,2
ATTGATGAGTCCTAAC-1,2
ATTGCCTTTATGTTTG-1,2
ATTGCTGCTCCTCCAT-1,2
ATTTACAGTTTACTGG-1,5
ATTTCCGGGTTCTGCG-1,5
ATTTGTCTTGGGAGCT-1,4
CAAACGAGTATCGCAG-1,4
CAAACGGTCGCACTTT-1,4
CAAATGTCCTTCCGTG-1,4
CAACTGCTCATCCGAT-1,4
CAAGAGGGCGGAGTAC-1,2
CAAGATATTATAACGT-1,2
CAAGCAACGTCGGAGT-1,2
CAAGCGGCACATAATT-1,2
CAAGGATCGCATGTTC-1,5
CAAGTGTGGTTGCAAA-1,5
CAATAAACCTTGGCCC-1,5
CAATATTCTTGACCTA-1,5
CAATGCGAGAAGTATC-1,2
CAATGGATCTCTACCA-1,2
CAATTAAGGGTGATGA-1,2
CAATTTCGTATAAGGG-1,2
CACAATGAGCTGCTAT-1,5
CACACGCGCTGTCTTA-1,5
CACAGCACCCACGGCA-1,5
CACAGGGCCGTTGTCA-1,5
CACATATTAGCAGGAT-1,5
CACATCGTGCACGCGC-1,5
CACATCTCACCGACGA-1,2
CACATGATTCAGCAAC-1,5
CACCCACGAGGCAATT-1,2
CACCCGGTTTGTGACT-1,2
CACCCTAACAAGATCT-1,2
CACCGCCAGAAGGTTT-1,2
CACCGTTAGGGATCAC-1,2
CACCGTTGCGCGATAT-1,2
CACCTTGCGAAACTCG-1,2
CACGCACAGCGCAGCT-1,2
CACGCAGCGAGGCTTT-1,2
CACGCGGAACTGTTGC-1,2
CACGTCGGCAACCTCT-1,2
CACGTTCGTGCTCTAG-1,2
CACGTTTCGTACACAC-1,2
CACTCAAGAGCTATGG-1,2
CACTCCTATGTAAGAT-1,2
CACTCGAGCTGAACAA-1,2
CACTGACGATTGTGGA-1,2
CACTTAATCAGACGGA-1,3
CAGAACTTAGCCCTCT-1,3
CAGACACCGATCGCTG-1,1
CAGACGAACCTGATAC-1,1
CAGAGACGGTCACCCA-1,1
CAGAGCATGAGCTTGC-1,1
CAGAGGCGATGCATGA-1,1
CAGATACTAACATAGT-1,1
CAGCAGCCCGTTCCTT-1,1
CAGCAGTCTGTGCTGC-1,1
CAGCCTCCTGCAGAGG-1,1
CAGCGATTCCCTTCAA-1,1
CAGCTCACTGAGACAT-1,3
CAGCTCGACAAGTTAA-1,3
CAGGATATATCGTTGT-1,2
CAGGCAGTCTTACCAG-1,2
CAGGCCGTTTGGGTGT-1,2
CAGGCGCCATGCTAGG-1,2
CAGTAGCCCACGCGGT-1,2
CAGTCTGTATACTGGG-1,2
CAGTGAATAAATGACT-1,2
CAGTGTCGGCTGGCCC-1,5
CAGTTCAAATTGACAC-1,5
CATAACGGACAGTCGT-1,5
CATAAGAAGCTTGGCT-1,5
CATACACGGTTCCCAC-1,4
CATACCCGTACCCAGT-1,2
CATACGGCGTCTGGGC-1,4
CATACTATGTAATTGT-1,2
CATACTTCTTTCTCCG-1,4
CATAGCGTTGCCCACC-1,2
CATAGTCCACAAGAAC-1,2
CATATAGGTACAGTCA-1,2
CATCATTACCCTGAGG-1,2
CATCCTCTCAAAGATC-1,2
CATCGGACGGGTTAAT-1,2
CATCTTACACCACCTC-1,2
CATGAGATGCACTCTC-1,2
CATGATGCACAATTCT-1,2
CATGGGTATGCCTTAT-1,2
CATGGGTCGGGTGTGG-1,5
CATGGTAAGTAGCGTT-1,5
CATGGTCTAGATACCG-1,5
CATGTAAGAGACATTT-1,5
CATGTCTCATTTATGG-1,5
CATTATGCTTGTTGTG-1,5
CATTTAGCGGACCATG-1,2
CATTTGAGTGGTACGT-1,5
CCAACGATGCACTGAT-1,2
CCAAGAAAGTGGGCGA-1,2
CCAAGCGTAACTCGTA-1,5
CCAATAGTGCCGTCGA-1,2
CCAATGTCACAGCAAG-1,5
CCACAATGTACGTCTT-1,5
CCACACTGAGATATTA-1,5
CCACAGTACCCATCCT-1,5
CCACCAACTTTACTGT-1,5
CCACCCAAGGAAAGTG-1,5
CCAGAAAGCAACTCAT-1,5
CCAGATAGTTGAGTGA-1,2
CCAGCCTGGACCAATA-1,2
CCAGCTCGAACGCATT-1,2
CCAGGGACGTGGCCTC-1,2
CCAGTAGTCTGATCCA-1,2
CCAGTCTAGACGGCGC-1,2
CCAGTCTTGTCATAGA-1,2
CCATCGCAGTTAAACT-1,2
CCATCTCACCAGTGAA-1,2
CCATGCCTGTTTAGTA-1,2
CCATTAGCGATAATCC-1,2
CCATTCCCTGCCCACA-1,2
CCATTTCTACCTATTA-1,3
CCCAAACATGCTGCTC-1,3
CCCAACATACGTCGCG-1,1
CCCAATGAGATTTGCA-1,1
CCCAATTTCACAACTT-1,1
CCCAGTTAAGGCGCCG-1,1
CCCGCAGCGCGAACTA-1,1
CCCGGGTCGTTCAGGG-1,1
CCCGTAGCTGGGAAGA-1,1
CCCGTCAGCGTCTGAC-1,1
CCCTGAAATGAGTTGA-1,3
CCCTTTGACAGGTCTT-1,3
CCGAACCTTCCCGGCC-1,2
CCGCACAAAGACCAAC-1,2
CCGCATGTGGTACGAT-1,2
CCGCGGAATGCGTCAC-1,2
CCGCTATCAGCACCAG-1,2
CCGCTTACCTCACTCT-1,2
CCGGAGCGTACTTTCT-1,2
CCGGGCGGTCTCGTCA-1,5
CCGGGCTGCTCCATAC-1,5
CCGGGTTCGAGGTTAC-1,5
CCGGTTTGTAATTGTG-1,5
CCGTAAGTTGGTCCCA-1,2
CCGTGTTAAATTCCAT-1,2
CCTAAATTAACGGTTC-1,2
CCTAACCCAAACAAGT-1,2
CCTACATTCACAGACG-1,5
CCTACTGCTTACACTT-1,2
CCTAGGCGTAGCGATC-1,5
CCTATAATGAGTGCCC-1,2
CCTATACCGTCCTGTC-1,2
CCTATATTTGTCCTGG-1,2
CCTATGGGTTACCGTC-1,2
CCTATGGTCAAAGCTG-1,2
CCTCGCGCTGTGCGAT-1,2
CCTCGGACCGGGATAG-1,2
CCTCTAATCTGCCAAG-1,5
CCTCTCTCCCATCTAG-1,5
CCTCTGTACTATTCTA-1,5
CCTGAACGATATATTC-1,5
CCTGAATATTTACATA-1,5
CCTGACCACCGATGGT-1,5
CCTGCTATTTGAGAAG-1,2
CCTGGCTAGACCCGCC-1,2
CCTGGTCGAATGTGGG-1,2
CCTGTAAGACATGATA-1,2
CCTGTCACCCGGGCTC-1,5
CCTGTCGCCCGTAAAT-1,5
CCTGTTTGAAGACACG-1,5
CCTTCAGTTAAAGTGA-1,5
CCTTTAAGGGAGCACT-1,5
CGAAACGCAATTCATG-1,5
CGAACAGTATGGGCGT-1,5
CGAACCCGCATGCGTC-1,5
CGAAGTTGCTCTGTGT-1,5
CGAATGACGCATAATG-1,5
CGACAATTTGATCTAA-1,5
CGACACGCTCCGACAG-1,5
CGACAGTTCGCGTTAT-1,5
CGACTCAGGATGTTAT-1,2
CGAGACCCTAGAGTGT-1,2
CGAGAGATGTGAACCT-1,2
CGAGAGCTTTCACTAC-1,2
CGAGGCTAAATATGGC-1,2
CGAGGGACTGCGGTCG-1,2
CGAGGGTATCCAGGTG-1,2
CGAGTACTAAAGAGGA-1,2
CGAGTTCTGTCCCACC-1,2
CGAGTTTATCGGACTG-1,2
CGATACCTCGCGGACA-1,2
CGATCCGACCCAGTGC-1,3
CGATTAAATATCTCCT-1,3
CGATTCGCCTGGCTGC-1,1
CGCAATTAGGGTAATA-1,1
CGCACATGTCCACTAC-1,1
CGCACGTGCGCTATCA-1,1
CGCATGGTGCGATGCT-1,1
CGCATTAGCTAATAGG-1,1
CGCCATCCGATTATGA-1,1
CGCCCAGCACGCCTAG-1,1
CGCCGCCCATGCCTGT-1,3
CGCCTCCCTCCTCTAT-1,3
CGCGACCGCGACAGAT-1,2
CGCGCATGTTTGATTG-1,2
CGCGCCCGACTTAATA-1,2
CGCGGCTCAACTTGAA-1,2
CGCGGGAATTAGGCAG-1,2
CGCGTTCATGAAATAC-1,2
CGCTACGGGACATTTA-1,2
CGCTAGAGACCGCTGC-1,2
CGCTATTCTTAGGCTC-1,2
CGCTCTCCGTAGATTA-1,5
CGCTGGTGACTACCCT-1,2
CGCTGTGACGCCGCAC-1,2
CGCTGTGTGGATGTTG-1,2
CGCTTAGTATTGATAC-1,2
CGCTTATTCCCGGTCG-1,5
CGCTTTCTTGCATTCG-1,5
CGGAAAGAATCAAACG-1,5
CGGAACGTAAACATAG-1,5
CGGACCTTTACGTCCC-1,2
CGGAGCAATTTAATCG-1,2
CGGAGCATGGCGATCC-1,2
CGGATCCTCAAGGACT-1,2
CGGCAAACATCGTGCG-1,5
CGGCAGGGTCGGGTTG-1,2
CGGCCACGCACAAAGT-1,2
CGGCCAGAGCGACCAT-1,2
CGGCGCCATCAATCCC-1,2
CGGGAATTTATGTAAA-1,2
CGGGAGCTTCAGTGTA-1,2
CGGGATCAATGTAAGA-1,5
CGGGCAGCTAAACCGC-1,2
CGGGCCTTCTTTGTAA-1,2
CGGGCGATGGATCACG-1,2
CGGGTGTACCCATTTA-1,2
CGGTACTAGAATCAAA-1,5
CGGTCAAGTGGGAACC-1,5
CGGTCCGTCGCAAGCC-1,5
CGGTGCAGATAGAACG-1,5
CGGTGCGCGTTGGTCC-1,5
CGTACCTGATAGGCCT-1,5
CGTATTAAGAGATCTA-1,5
CGTCACGTCCATTGGT-1,5
CGTCGCATGTGAGCCA-1,2
CGTCGGATAGTGTTGA-1,5
CGTCGTCCTTCGCGAA-1,2
CGTGAAGTTAATTCAC-1,5
CGTGACCAGTCCTCTG-1,2
CGTGCAGACTGGGACA-1,2
CGTGCATTGTCGACGC-1,2
CGTGCCCTCCCGAAGA-1,2
CGTTAATGTCCCGACG-1,2
CGTTCAGACCCGCGAA-1,2
CGTTGAATACCGCGCT-1,2
CGTTGAGCGACCGTCG-1,2
CGTTGTCGGCAATTGA-1,2
CGTTGTTTCAATTCCC-1,2
CGTTTGTGTAGAGGGT-1,2
CTAAAGAATGCCTACT-1,2
CTAAAGGGAAATAGGA-1,2
CTAAATCCTATTCCGG-1,2
CTAACCGCGCGCCCGT-1,2
CTAACGAAACTTGCTG-1,3
CTAACTGGTCCGGTTC-1,3
CTAAGGGAATGATTGG-1,1
CTACAAGAAATAACCC-1,1
CTACCCTAAGGTCATA-1,1
CTACGCACGGAGTACC-1,1
CTACTATCTTTCAGAG-1,1
CTACTCAAGGTATAGT-1,1
CTACTGCCACCTGACC-1,1
CTAGATTTACGACGGC-1,1
CTAGCATAGTATAATG-1,1
CTAGGCGCCCTATCAG-1,1
CTAGGTTCGGACGTGA-1,1
CTAGTAGAAAGGGATT-1,3
CTAGTCACGTCTTAAG-1,3
CTAGTGAAGGACAGGA-1,2
CTAGTTACAACCCGGT-1,2
CTAGTTGGGCCCGGTA-1,2
CTATCGACGAAATACA-1,2
CTATCGGGTCTCAACA-1,2
CTATGCCCGAATGCAA-1,2
CTATGTCACTAGCCCA-1,2
CTATTCATGTGTCCCA-1,2
CTATTTGGTTACGGAT-1,2
CTCAACTAACCCGGAT-1,2
CTCACATTTACTAAAT-1,5
CTCACTGTGATACTTA-1,5
CTCATTGCTCTAACAA-1,5
CTCATTTGATGGGCGG-1,5
CTCCGCCCACATGAGG-1,5
CTCCTCCAGCTCACAC-1,5
CTCGAGGTCGAACAGT-1,2
CTCGCACCTATATAGT-1,2
CTCGCCGAATGTAGGG-1,2
CTCGGTACCACTGCTC-1,2
CTCGTCTGTGCCTTCG-1,5
CTCTAGCCCTCGGAAA-1,5
CTCTATTTGGCTGCAG-1,5
CTCTCACAATCGATGA-1,5
CTCTGGACGCCTGGTG-1,5
CTCTTCTATTGACTGG-1,5
CTCTTGTCCCGCTTGG-1,2
CTGAATCCGAGACCTC-1,2
CTGCACAACTACATAT-1,2
CTGCACTCCAGTACAG-1,2
CTGCCAAGGTTGGAAG-1,2
CTGCCATGCATCACAT-1,2
CTGCTGAGGCCACGAA-1,2
CTGCTTGGCGATAGCT-1,5
CTGGAAATGGATGCTT-1,5
CTGGAAGACACGGTGG-1,5
CTGGATTTACACTTGA-1,2
CTGGCGCACAGGTCTG-1,5
CTGGCTGATTCATCCT-1,2
CTGGCTGGTTGTCAGT-1,2
CTGGGATAAATAATGG-1,2
CTGGGCCTGCTATATC-1,2
CTGGGTAGGCAGTTAA-1,5
CTGGTAACACATAGAA-1,2
CTGGTTTCGAGCAAGA-1,5
CTGTACTTCTTAGCAT-1,5
CTGTAGCCATCTCACT-1,5
CTGTCAAATGGCTCGG-1,5
CTGTGCAGGGTAGGTC-1,5
CTGTGGTCGGGAGATA-1,5
CTGTTACCCAATCTAG-1,5
CTGTTCACTGCCTGTG-1,2
CTTAATCGACTTAGTA-1,2
CTTACACGGTATTCCA-1,2
CTTAGATGTTTCATCC-1,2
CTTAGCCTTCCACATG-1,2
CTTAGTGTAGTAGCAT-1,2
CTTCAACTCCACTTGG-1,2
CTTCATTGTCAGTGGA-1,2
CTTCCGCTCCGTGAAG-1,2
CTTCGTAGATAGGTGA-1,2
CTTCTATGTTGAAGTA-1,3
CTTCTATTAATGCTAG-1,3
CTTGAGTTAGGGTAAT-1,1
CTTGCCCAGGCTCTAC-1,1
CTTGGCCAAGCTGGGA-1,1
CTTGTCAACATTCGAG-1,1
CTTGTTGCTGAGTCAA-1,1
CTTTAACTTTCAAAGG-1,1
CTTTAATATTGGTCGA-1,1
CTTTACCGAATAGTAG-1,1
CTTTAGGAACACTGTT-1,1
CTTTAGTGCTATTATT-1,3
CTTTCTGTGCGGGCTT-1,3
CTTTGGCTTTAGTAAA-1,2
CTTTGGGATTGTTGCA-1,2
GAAACAGATGACCACC-1,2
GAAACCGAATTACCTT-1,2
GAAACCTATACAAATG-1,2
GAAAGCAGTGCACTTT-1,2
GAAATGGCGGTGTTAG-1,2
GAAATTGTCTCTATAA-1,2
GAACAGATTACTAAAT-1,2
GAACCCTCTGTGTTCT-1,2
GAACCTTTAACGATCC-1,2
GAACGTCTCATGGTCG-1,5
GAACTGTGGAGAGACA-1,5
GAAGCCACTGATTATG-1,5
GAAGCCTGCACATTCC-1,5
GAAGCGTGAGGAATTT-1,2
GAAGGAGTCGAGTGCG-1,2
GAAGTCAGTTGCACTA-1,2
GAAGTCTCCCTAGCGA-1,5
GAAGTGATTTATCGTG-1,5
GAAGTTTCCACTCAAT-1,5
GAATAGACGCGACCCA-1,5
GAATCTGAACATTCTC-1,5
GAATGCGAATCGGTTC-1,5
GAATGTGGTCCGGATT-1,2
GAATGTTGGGTAATCT-1,2
GAATTATAGTGAAAGG-1,5
GAATTCACCCGGGTGT-1,5
GACAAACATATGCAGG-1,5
GACAACGACCATTGAA-1,2
GACACAAGGGAAGAAA-1,5
GACACTGAGTTCAGTG-1,2
GACAGCCAGACCTGAC-1,2
GACATCCGTCGAACTG-1,2
GACATCGATTTATAAC-1,2
GACCACACTTCCCTTT-1,2
GACCAGAGCCCTGTAG-1,5
GACCGTGCTGACGGTG-1,2
GACCTTCCACGTCTAC-1,5
GACGACGATCCGCGTT-1,5
GACGCCGTAAAGGCTA-1,5
GACGCTTGCTTCTAAA-1,5
GACGGGTTGGCCCGTA-1,5
GACTAAGATCATGCAC-1,5
GACTAAGTAGGCTCAC-1,5
GACTAGGCCGTTAGGT-1,5
GACTGCAAATCGAGCT-1,5
GACTGCACCAGCCCAG-1,5
GAGACTGATGGGTAGA-1,5
GAGACTTCGCGACCGA-1,5
GAGAGGGCGCGAGGTT-1,5
GAGAGGTGCATTCTGG-1,2
GAGATCTGCTTGGCAT-1,2
GAGATCTGTCACTCCG-1,2
GAGATCTTCCATGACA-1,2
GAGATGGGAGTCGACA-1,2
GAGCACCTGTGTCCAG-1,2
GAGCCAGCTACCTGTG-1,2
GAGCGCGCACGAGTAG-1,2
GAGCTAAGGGCATATC-1,2
GAGGGCGCAGCTCTGC-1,3
GAGGTACGCGTGTCCC-1,3
GAGTAGATACTAGTTG-1,1
GAGTATGCCCGCCTTG-1,1
GAGTATGCGCGTGCAT-1,1
GAGTCAGACCAGAATC-1,1
GAGTCCGCTTACCGGA-1,1
GAGTGTCAACCAGAAA-1,1
GAGTGTGCGGTACCCA-1,1
GATAACTCGCACTGTG-1,1
GATACGATGGGAGTCA-1,1
GATAGGTAACGTTGAC-1,3
GATATGAGACACTAAC-1,3
GATCATTCCAAACATT-1,2
GATCCCTTTATACTGC-1,2
GATCCGGGAATTAACA-1,2
GATCCTCGACACTGGC-1,2
GATCGACACTATCTGA-1,2
GATCGCGGGCTCTCCA-1,2
GATCGCTACCCGATTT-1,2
GATCGGTGGCCATAAC-1,2
GATCGTGACTGATATC-1,2
GATCTGCTATCTAAGG-1,2
GATCTTGGAGGGCATA-1,2
GATCTTTGCAGGGTAT-1,2
GATGAGGAACCTTCGG-1,2
GATGCGTCCTGCATTC-1,2
GATGCTGTATTTCATC-1,5
GATGTTCAATCCACGA-1,2
GATTAACCGAAAGCCC-1,2
GATTACTGAATTTGGG-1,5
GATTCCCTTGTCGCAG-1,5
GATTCGACGGTTCACG-1,5
GATTGGGAAAGGTTGT-1,5
GCAAACCCTACATTAT-1,5
GCAAACCTTGGCCATA-1,5
GCAAATATTACGCTTT-1,2
GCAACCACGGCCGCGT-1,2
GCAAGAATTCCTTGGC-1,5
GCACACACTGGTAGCC-1,5
GCACGCCTACTTAGAT-1,5
GCACTGCCTACCTTTA-1,5
GCAGATCCATAAGACT-1,2
GCAGATTAGGGATATC-1,5
GCAGCACACAGCCCAG-1,2
GCAGGACTATAGAATA-1,2
GCAGTGTGGCTATAGG-1,2
GCATAGAGCACTCAGG-1,2
GCATGAGGGACGCGGC-1,2
GCCACAATTTAAGGAC-1,2
GCCATCGAGCTGCGTG-1,2
GCCCGATCTGTGGTCG-1,5
GCCCGCGCGTAAACGG-1,5
GCCCGTAATACCTTCT-1,5
GCCGAAATTCCTACGT-1,5
GCCGATTGGCCAAGCT-1,5
GCCGCTTGTGAGAAAC-1,2
GCCGGGTTAGGGTCGC-1,5
GCCTATAGTGTCAGGG-1,2
GCCTCATCTGGAAATA-1,5
GCCTCTATACATAGCA-1,2
GCGAAACTTAACTGGA-1,2
GCGAAGAATCTGACGG-1,2
GCGAAGCCATACCCGT-1,2
GCGACGATAGTTGTAC-1,2
GCGAGGCCCGAGCAGA-1,2
GCGAGTTCTGCAAAGA-1,5
GCGATTGTTAACGTTA-1,2
GCGCAAGAGCGCGCTG-1,2
GCGCATCCAGTCAGCA-1,2
GCGCCGTTCCACGATA-1,2
GCGCGGTCTAGTAACT-1,2
GCGCGTCATTGGTACA-1,3
GCGCTAATTGAATAGA-1,3
GCGCTATGCCGAGGCA-1,1
GCGCTGCTTTGCATTT-1,1
GCGCTTAAATAATTGG-1,1
GCGGACCGCGTTGTGG-1,1
GCGGAGAAACTTCGCA-1,1
GCGGAGAGGGAGAACG-1,1
GCGGCTCTGACGTACC-1,1
GCGGCTTTAGCAAGTT-1,1
GCGGGCGAGCCTTACC-1,1
GCGGTTCCCTATCATG-1,1
GCGTCGCCAGGGTGAT-1,1
GCGTCTCTGCATTGGG-1,1
GCGTGGTACTGGGTTA-1,3
GCTAACTGAAGTCTGA-1,3
GCTAAGTAGTTTCTCT-1,2
GCTACGACTTATTGGG-1,2
GCTACTATAGTAGAGT-1,2
GCTAGCTTGAATAGCT-1,2
GCTAGGCACCACGGAG-1,2
GCTAGTAGAGCTTGTA-1,2
GCTATACGTCTCGGAC-1,2
GCTATCATACTCATGG-1,2
GCTCAATCCGTTTATT-1,2
GCTCAATGTAATACCG-1,2
GCTCCATGCAAAGCAA-1,2
GCTCGCTCATGTCCAA-1,2
GCTCGGAATTTAAAGC-1,2
GCTCTAAACCCTGACG-1,2
GCTCTCGGGTACCGAA-1,5
GCTCTTTCCGCTAGTG-1,5
GCTGAGGCGTGAGTAT-1,5
GCTGCACGGTTTCTTA-1,5
GCTGCTAAGTAGTCGA-1,5
GCTGCTACTGCGTAGC-1,5
GCTGCTCTCCGGACAC-1,2
GCTGGCGGCGCATGCT-1,2
GCTGTATTACTGGCCC-1,5
GCTGTTGCTACCGAAC-1,5
GCTTAATGTAACTAAC-1,5
GCTTATGAAGCAGGAA-1,5
GCTTCCGTCCCTAGAC-1,5
GCTTGGATCGATTAGG-1,2
GCTTTCAGAGGAGGTG-1,2
GGAACCGTGTAAATTG-1,5
GGAATGCGCTAGCGTG-1,5
GGACCAACAGGATAAC-1,5
GGAGACGACACCTTTG-1,2
GGAGCACCAAGAACTA-1,2
GGAGCGAGGCCTACTT-1,2
GGAGGGCTTGGTTGGC-1,2
GGATCCGGAATATACT-1,2
GGATGAAGATCGCTGA-1,2
GGATGACGCGAGTTTA-1,2
GGATGTCCTTACCGCA-1,5
GGATTCCGCTATACCC-1,2
GGATTGCTGTGACTCC-1,5
GGATTTCACTTCTATA-1,2
GGCAAAGGCGCCAATA-1,5
GGCAAATTACTTTACT-1,5
GGCAAGCCCATAGTGG-1,5
GGCAAGGCGAAATAGC-1,5
GGCAATAGTCAATGAG-1,5
GGCACTCCACTGGGCA-1,5
GGCCGGCGTCTGCTAT-1,5
GGCCGTTTGGGTTTCA-1,5
GGCGAAATCTAACTTG-1,5
GGCGCATGAATTGATG-1,2
GGCGCGGAGATCTTTC-1,2
GGCGCGTTCGAGTTTA-1,2
GGCGCTTCATTCCCTG-1,3
GGCGGAGTAATATTAG-1,3
GGCGGTAGGATCATTG-1,1
GGCGTAGGGAAAGCTG-1,1
GGCTACTATACACTCC-1,1
GGCTATTAAGTTGTAT-1,1
GGCTCGCGTTGAGGTA-1,1
GGCTCTGCTCCAACGC-1,1
GGCTGAAATAGCAAAG-1,1
GGCTTTCAATAAGGGT-1,1
GGGAACGGGAGGTTAG-1,1
GGGAAGACGGTCTGTC-1,1
GGGAAGGGCTTTCTCA-1,1
GGGACCCGTATATCTT-1,1
GGGACTGCATAGATAG-1,1
GGGAGAACTCACAGTA-1,1
GGGAGCGACCGTAGTG-1,1
GGGAGGATGCCCGAAA-1,3
GGGAGTTAATGAGGCG-1,3
GGGATGGTCGTAACCG-1,2
GGGATTTACCGCACCT-1,2
GGGCAGAGCAATCGTT-1,2
GGGCCCGTCTTAAACA-1,2
GGGCCGGCCGAAGTAC-1,2
GGGCGATATGTGTGAA-1,2
GGGCGGCAAATGAATT-1,2
GGGCGGGTTCCCTACG-1,2
GGGCGTACATTTATAT-1,2
GGGCGTCACCACGTAA-1,2
GGGCGTGGTTTCCCAG-1,2
GGGCTATGATCGATGG-1,2
GGGCTCATCGAACCCA-1,5
GGGCTGCCTAGGGCGA-1,5
GGGCTGGTTAGTCGCG-1,5
GGGTACTTCATGAACT-1,5
GGGTCACCGTGACGGT-1,5
GGGTCAGGAGCTAGAT-1,2
GGGTGACACCTTAACT-1,2
GGGTTAACATTTGAGT-1,2
GGTACAAACATGCTAT-1,5
GGTAGAAGACCGCCTG-1,5
GGTAGACCGTTGGGCG-1,5
GGTAGTGCTCGCACCA-1,2
GGTATTGCCGAGTTTA-1,2
GGTCAGTGGGTCCCAC-1,2
GGTCGGCCAGGAGCTT-1,5
GGTCGGTCGTCCACAG-1,5
GGTCTCTGAATGGACT-1,5
GGTCTGAGAATCTGGA-1,2
GGTCTTGAGCGCTCTT-1,2
GGTGAAGTACAGGGAT-1,2
GGTGATAAGGAGCAGT-1,2
GGTGCTGGTACACATT-1,5
GGTGGACTGCTCTGGC-1,2
GGTGTAAATCGATTGT-1,2
GGTTACCACCCTCGGG-1,2
GGTTAGCTATATGTCT-1,2
GGTTTACAATCTCAAT-1,5
GGTTTCAATCGGTCAG-1,5
GTAAGCGGGCAGTCAG-1,5
GTAAGTAACAGTCTGG-1,5
GTAATCTGATTCTTCG-1,5
GTACACTTACCTGAAG-1,5
GTACAGAGGCAAGGGT-1,5
GTACGCTTCATTGCAC-1,5
GTACGTTTGCCCGTCA-1,5
GTACTAAGATTTGGAG-1,5
GTACTGGAGTTAGACC-1,5
GTAGACACGCCTGACT-1,2
GTAGAGGGAGACAAGT-1,2
GTAGCCAAACATGGGA-1,2
GTAGCGGCTATACACT-1,2
GTAGCTTCCTCTTGTT-1,3
GTAGTCGCGGGAATCA-1,3
GTAGTCTACGATATTG-1,1
GTATCTTTCATAACCA-1,1
GTATGTGGGTCTAGTT-1,1
GTATTCTGAGAAACGA-1,1
GTCAAGCGGACTCGGG-1,1
GTCATGCACCTCCGTT-1,1
GTCATGGACATGACTA-1,1
GTCATTAGAGCGAACG-1,1
GTCCAATATTTAGCCT-1,1
GTCCCAACGTAAAGTA-1,1
GTCCCGCGACGTTATG-1,1
GTCCGGACCTGAAATT-1,1
GTCCGGCTGAATTGCG-1,1
GTCCTACGAATAGTCT-1,3
GTCGCCGTTGTGTGTT-1,3
GTCGCGTAACCCGTTG-1,2
GTCGGATATCTCAGAC-1,2
GTCGGGAAGCAGAAAC-1,2
GTCGTACCATCTCGGG-1,2
GTCGTTATTCGCTTAT-1,2
GTCTATCTGAGTTTCT-1,2
GTCTATTGGTTCCGGT-1,2
GTCTCAAGGCCCGGCT-1,2
GTCTGGGCGGTCGAGA-1,2
GTGAAACGGCGCCACC-1,2
GTGACAGCTTCCCACT-1,2
GTGACCGCACACTACG-1,2
GTGACGCAGGTTTCAT-1,5
GTGACTTCAGTAGTGC-1,2
GTGAGGACACTTAAGG-1,5
GTGAGTGGTACAACGC-1,2
GTGATCACTAACGCCT-1,2
GTGATCATAGATCTGC-1,5
GTGATCCTTGTCATGA-1,5
GTGATTCGCCGCTCAA-1,5
GTGCACCAGCTTCAAC-1,5
GTGCCATCACACGGTG-1,2
GTGCCCGTTCGGATTC-1,2
GTGCCGCTTCAAAGGT-1,2
GTGCGAAATCGAACAC-1,5
GTGCGACAGGGAGTGT-1,5
GTGCGTGTATATGAGC-1,2
GTGGACCAACCCGATT-1,2
GTGGACGCATTTGTCC-1,5
GTGGAGTCGGCGGTTG-1,5
GTGGTATAGTCTGCCG-1,5
GTGGTGGCCAAGTGAA-1,2
GTGGTTTCCGCCTTTC-1,2
GTGTACCTTGGCTACG-1,2
GTGTATATCAGCGGGC-1,2
GTGTCGTATAGCGTTC-1,2
GTGTGAATAACTTAGG-1,2
GTGTTACTATGCGTCC-1,2
GTTAAAGTAGGACTGG-1,5
GTTAACATCACTTAAA-1,2
GTTAAGGGTGCGATGT-1,5
GTTACAATTGGTGACG-1,2
GTTACCTACAACTTGC-1,5
GTTACTTTGGGCCTAG-1,2
GTTAGCCCATGACATC-1,2
GTTATATTATCTCCCT-1,2
GTTCGCCATAAGTGCC-1,2
GTTCGTCTAAAGAACT-1,2
GTTCGTCTGGGTCCCT-1,2
GTTGAACCGGTTCCAT-1,3
GTTGAGTCCCGCCGGT-1,3
GTTGGATTGAGAACAC-1,1
GTTGGATTTGCGTTGG-1,1
GTTGGTCATGCTATCC-1,1
GTTTACGTTCCATCTG-1,1
GTTTCCTGGAGGGTGA-1,1
GTTTCTGCAGTCTCCC-1,1
GTTTGACCAAATCCTA-1,1
GTTTGGCCCAAGTTAT-1,1
GTTTGGGCTTGTGAGC-1,1
GTTTGGTAGGGTCAAC-1,1
TAAACCCAGGAGGGCA-1,1
TAAAGCGGTATTTCCA-1,1
TAAAGCGTTAGGAGAA-1,1
TAACATACAATGTGGG-1,1
TAACTCATCCGCGCGG-1,1
TAAGGCAACATAAGAT-1,3
TAAGGCATAACATCAA-1,1
TAAGGCCCGTCACCCT-1,3
TAAGGCTGAATCCCTC-1,3
TAAGGGCCTGTCCGAT-1,2
TAAGTAACATCTTGAC-1,2
TAAGTCGCCGAGTATC-1,2
TAAGTTGCGACGTAGG-1,2
TAATACACAGTAGTAT-1,2
TAATAGAACAGAGTTA-1,2
TAATAGTGACGACCAG-1,2
TACAACGCACAACTCA-1,2
TACAGAAACGGTGGGC-1,2
TACATAGGCATACACC-1,2
TACATTTCTAACGTGC-1,2
TACCAAATAGCCCAGA-1,2
TACCAATAAAGTACCA-1,2
TACCAGAAGTAGGTTC-1,5
TACCGCGGACTTGCAG-1,5
TACCGGCTCACTGCCC-1,5
TACCGGTCGTTTCCAT-1,5
TACCGTAGGTTAACTA-1,2
TACCGTGCCTCGGACC-1,2
TACCTACTCCCAGTAT-1,5
TACCTCAGTTGTCTGT-1,5
TACCTTAAGATTTCCC-1,5
TACGAACACGACTTCA-1,2
TACGACGCTTGCTGCG-1,2
TACGACTGCCTCTTAG-1,4
TACGAGAACTTCACGT-1,4
TACGATGTTGATCATC-1,4
TACGCAGTTCTTTCCT-1,4
TACGCCATATTCTAAT-1,2
TACGCCTCCATTCCGA-1,4
TACGGAAGCCAAACCA-1,2
TACGGGATGCTAGCAG-1,4
TACGTACTAGTGCTGA-1,2
TACGTTTACCGGCAAT-1,5
TACTATGGTTCCTCAG-1,2
TACTCTCCGAACAAAT-1,5
TACTCTTTCGTCTTCA-1,2
TACTGAACAGATTTAG-1,5
TACTTGTTAGTAGTCC-1,2
TACTTTACTGAGCCGG-1,2
TAGAAAGGTGGCGCTA-1,2
TAGACGAAACGCCAAT-1,2
TAGACGCCCGTACCGG-1,2
TAGAGGGAGTTTATCT-1,3
TAGAGGTTCTACTTGT-1,3
TAGAGTCTAAGCGAAC-1,1
TAGATATGGACTGGAA-1,1
TAGCCATTTCAAAGTC-1,1
TAGCCGGCGGTCAGCG-1,1
TAGCGTCCGGTGTGGT-1,1
TAGCGTTGGGTCTTAC-1,1
TAGCTAAGTCCGGGAG-1,1
TAGCTAGAAGGCATGA-1,1
TAGCTAGTGATGATGG-1,1
TAGCTCGCCTGATAAC-1,1
TAGGCATGTTACGCCA-1,1
TAGGGAGCTTGGGATG-1,1
TAGGTGACGATAACCT-1,1
TAGGTGCTCGCCTAGC-1,1
TAGGTGTTCCACAGAT-1,1
TAGGTTCGAGTTCGTC-1,1
TAGTAGCTTATACCAG-1,3
TAGTCCCGGAGACCAC-1,3
TAGTCCGCAGAGAATG-1,2
TAGTCGATCACGGGTT-1,3
TAGTCTAACAACGAGA-1,2
TAGTGCCCTCCAGAGT-1,2
TATACACAGACGCCTT-1,2
TATACGCGTCATCACT-1,2
TATAGAGTCGCTTGAA-1,2
TATAGATGGTCGCAGT-1,2
TATATCCCTGGGAGGA-1,2
TATCCAATTGGTTATC-1,2
TATCCGCACCGTCGGG-1,2
TATCGATCTATGCATA-1,2
TATCTACCACAGCGGG-1,5
TATGATCTTCTCTTTA-1,2
TATGCTCCCTACTTAC-1,2
TATGGATGTGCTACGC-1,2
TATGGGACCGAGCAGG-1,2
TATGGGTACGTATCGT-1,5
TATGGTCTGAGTAACA-1,5
TATGTCTCATTGTGCC-1,5
TATTAACCTGACCGCG-1,5
TATTACCATCCTGCTT-1,5
TATTCAATTCTAATCC-1,4
TATTCCACTCAGCTCG-1,4
TATTCCGAGCTGTTAT-1,4
TATTCCTCCGCCCACT-1,4
TATTCGTGCCAGAATA-1,4
TCAAACAACCGCGTCG-1,5
TCAAACTTAGATTGTT-1,5
TCAAATTTGAGACTCA-1,5
TCAACATAGCGCCCTA-1,5
TCAACCATGTTCGGGC-1,5
TCAACGAGGAGACAAA-1,5
TCAACGCAGGAAATAA-1,2
TCAATACGCCGTCATG-1,2
TCACAGCAAACTCGAA-1,2
TCACAGGAGAATAAGA-1,2
TCACAGGGAATCGCAA-1,3
TCACAGGTTATTGGGC-1,3
TCACCCTCTTAAGATT-1,1
TCACCGCTCGGCACTC-1,1
TCACGCATTGTAGATC-1,1
TCACGTGCCCGATTCA-1,1
TCAGACGCTATAGAAG-1,1
TCAGCAAATGCATCTC-1,1
TCAGCAGTAGGCCCTG-1,1
TCAGGGTGTAACGTAA-1,1
TCAGGTTCTTTGAGAA-1,1
TCAGTAGGGACTATAA-1,1
TCATATGAGCTTTGTT-1,1
TCATTTAAGTCTCCGA-1,1
TCCAACTTTAAATTCT-1,1
TCCAAGCCTAGACACA-1,1
TCCAATAAAGGCTACC-1,1
TCCACATCGTATATTG-1,1
TCCACCTCTAGCCTTT-1,1
TCCACTTTATCTAGGT-1,1
TCCAGAGCACCGGTTC-1,1
TCCAGGCGAGTACGGT-1,1
TCCAGGGTATATACGA-1,3
TCCCAAAGACGAAGGA-1,3
TCCCAGCTTTAGTCTG-1,2
TCCCAGGCTTAGCTAA-1,2
TCCCGCGTACTCCTGG-1,2
TCCCGGGTGTGCTGCT-1,2
TCCCGTCAGTCCCGCA-1,2
TCCCGTGTGCAATTTG-1,2
TCCGATGACTGAGCTC-1,2
TCCGATGGTGCGACAT-1,2
TCCGCCTGTCTACAAG-1,2
TCCGCGGCAGCATCTG-1,2
TCCGCTGTCATCCCGG-1,2
TCCGCTTATCCCATTA-1,2
TCCGGTTCGTCCGGTC-1,2
TCCGTTTAGCCTTGAA-1,2
TCCTAACCGTCGGGCA-1,5
TCCTACATCCACGGCC-1,5
TCCTAGCAAAGAAGCT-1,5
TCCTCGGGCTGGGCTT-1,5
TCCTTACGACGGTCCG-1,5
TCCTTGTCCTTTAATT-1,2
TCCTTTAAATCCGCTT-1,2
TCCTTTCTTACGCTTA-1,2
TCGAAATTTAGGACCA-1,5
TCGAAGAACCGAGCAC-1,5
TCGAGACCAACACCGT-1,5
TCGAGCCAGGCAGGCC-1,5
TCGCAAAGATGCATTT-1,5
TCGCACCAGGAGGCAG-1,5
TCGCCGAAGTTGCGTC-1,5
TCGCTACTGGCTTTGA-1,2
TCGCTCGATATATTCC-1,2
TCGCTGGGCGGATTGT-1,2
TCGCTTTAAACGTTTG-1,2
TCGGACGCCCAGCCCA-1,3
TCGGAGTACATGAGTA-1,3
TCGGGAGACAGCGTAC-1,1
TCGGGCCGTCGTGGTA-1,1
TCGTAAGACGACATTG-1,1
TCGTACCGACGTCAAG-1,1
TCGTCAAGTACGCGCA-1,1
TCGTCTTAGGCGTTAA-1,1
TCGTGTACTATGGATG-1,1
TCGTTAGGAGTCCCTA-1,1
TCGTTGCTATCCGGTC-1,1
TCTACCGTCCACAAGC-1,1
TCTAGCAATCTCCGCC-1,1
TCTAGCATGCCCAGAA-1,1
TCTAGTGATATCGTGG-1,1
TCTAGTTATCAGAAGA-1,1
TCTATCGGTCGCAACA-1,1
TCTCATGAGATAGGGT-1,1
TCTCCCTGGGCAGCGT-1,1
TCTGAACTCGTACCCG-1,1
TCTGAAGCACGTGGTC-1,1
TCTGAATTCCGTACAA-1,1
TCTGATGTATTCTGTC-1,1
TCTGCCAGAAACTGCA-1,3
TCTGGGAACCTTTGAA-1,1
TCTGGGTAGCGCTCAT-1,3
TCTGTGCCATCATAGT-1,3
TCTGTTACCCAGCATA-1,2
TCTTACTTATGCCTCT-1,2
TCTTAGAGTGAACTCT-1,2
TCTTCCCATGGGCACA-1,2
TCTTCGAATAGACGTT-1,2
TCTTCGATACCAATAA-1,2
TCTTGATGCGTAGCGA-1,2
TCTTGCTCCCGATACT-1,2
TCTTGGTAACACCAAA-1,2
TCTTTAAGACTATGAA-1,2
TGAAAGGACCTGACTC-1,2
TGAATACCGACGCGTA-1,2
TGAATGAGTGTTTCCC-1,2
TGACCAAATCTTAAAC-1,2
TGACCCACGTTAGACA-1,2
TGACGATGCACTAGAA-1,2
TGACTATAATCCTTTC-1,2
TGAGAGATTTACCACG-1,2
TGAGCCATACAGTCTC-1,2
TGAGCGGAAAGTGTTC-1,2
TGAGGAGTGCCAGCTT-1,2
TGAGTAAATTAGCGTA-1,2
TGAGTGCCTCTTAAAT-1,2
TGAGTGGTCCGTGACG-1,2
TGATACATTTAGCCGT-1,2
TGATCGGTTTGACCCT-1,3
TGATCTCCGGCGCCAG-1,3
TGATTCCCGGTTACCT-1,1
TGATTCGTCTATCACT-1,1
TGATTCTGTCGCCGGT-1,1
TGATTTATTAGCTGTG-1,1
TGCAACCCATCTGCGG-1,1
TGCAAGAATGACGTAA-1,1
TGCAGAGTACCGAGCA-1,1
TGCAGGATCGGCAAAG-1,1
TGCAGTTTCCTCCCAT-1,1
TGCATATGTCTGTCAC-1,1
TGCATGTGGTAATCTA-1,1
TGCCAATGGGTACTCT-1,1
TGCCACACTAGAGGAA-1,1
TGCCAGTACGTGGAGA-1,1
TGCCATTACTAAAGAA-1,1
TGCCCGTACCGTTAAA-1,1
TGCCGTGGATCGTCCT-1,1
TGCCTGATCAAACGAT-1,1
TGCCTTGGCCAGGCAA-1,1
TGCGACACCCTAGTGC-1,1
TGCGAGAATATTACCC-1,1
TGCGCAAAGCATTTGG-1,1
TGCGGAGTAAAGGTGC-1,1
TGCGTAAGAACCTGAT-1,3
TGCGTTTGTTGACACT-1,1
TGCTAAGTGTCTATTT-1,3
TGCTCCACAGTTCTTA-1,3
TGCTCGGCGAAACCCA-1,2
TGCTCGGTGGGTCACC-1,3
TGCTCTTGAGAGTTTG-1,2
TGCTGTTGAAGAACTC-1,3
TGCTTCCCAAGCAGTA-1,2
TGGAAGAAGGGAACGT-1,3
TGGAAGGATAAAGATG-1,2
TGGACCAATCTAAGAT-1,3
TGGACTGTTCGCTCAA-1,2
TGGAGTGATGCGATGA-1,3
TGGCAAACTAAATTAC-1,2
TGGCAACTCGCGCGCC-1,3
TGGCAAGCACAAGTCG-1,3
TGGCAGATTACGATCA-1,1
TGGCAGCAGTAATAGT-1,3
TGGCCAAACTGAAGTA-1,1
TGGCGACTGCTCCAAA-1,3
TGGCGATCAAGTTATG-1,1
TGGCTATGTGACATAC-1,3
TGGGCCCATACTAATT-1,1
TGGGCGATACAATAAG-1,1
TGGGTGCACAAGCCAT-1,1
TGGTCCCACGCTACGG-1,1
TGGTTCAACGGGTAAT-1,1
TGGTTCGTAGCAAAGG-1,1
TGTACCTACACGAGGG-1,1
TGTACGAACAAATCCG-1,1
TGTAGGAGAAATTTCC-1,1
TGTAGTGATCTATAAT-1,1
TGTATAACAGATCCTG-1,1
TGTATGGCGCAGACAG-1,1
TGTGACTACGCCAGTC-1,1
TGTGAGACTAGCCCAA-1,1
TGTGCCGGTGCCGGAA-1,1
TGTGGCAAAGCGTATG-1,1
TGTGGCGGGCTTCTGG-1,1
TGTGGTTGCTAAAGCT-1,1
TGTTATTGTATGTGGC-1,1
TGTTCCGCTTCCATGA-1,1
TGTTCCGGCCTGAGCT-1,1
TGTTCGTATTGCGGTG-1,1
TGTTCTTCCATTGACT-1,1
TGTTGTCAAGAAGTCT-1,1
TTAAACTCGAATTCAT-1,1
TTAAGATAGGATTGAC-1,1
TTAAGCGCCTGACCCA-1,1
TTAATGTAGACCAGGT-1,1
TTAATTGCTTTGGGTG-1,1
TTACAACTACGCATCC-1,1
TTACCCTAGGGATTGG-1,1
TTACGGATGGTTCGAG-1,1
TTACTAAAGGACTTTA-1,1
TTACTCCGGCCGGGAA-1,1
TTACTCTGGTACGTAC-1,3
TTACTGGGATATTTCA-1,1
TTAGAAGAACATGACT-1,1
TTAGAATAAGGGTCGG-1,1
TTAGACGAGTCACCTC-1,1
TTAGAGTTTAGAAGGA-1,1
TTAGCTGATTTGCCGT-1,1
TTAGGTCATAACCGAC-1,1
TTAGTTATTCGTGGCA-1,1
TTATAGGTAATTGTCT-1,1
TTATATACGCTGTCAC-1,1
TTATATTTGGCAATCC-1,1
TTATCCGGGATCTATA-1,1
TTATCTGTATCATAAC-1,1
TTATGAATGAAAGGGA-1,1
TTATGATCTTAACGAA-1,1
TTATTAGAGCGTGTTC-1,1
TTCAAAGTCTCTAGCC-1,1
TTCAATACTCTGAATC-1,1
TTCACGAAAGGATCAC-1,1
TTCACTCGAGCACCTA-1,1
TTCACTTCCTAGAACG-1,1
TTCAGCCCTGGTCCAC-1,1
TTCAGCTGGCGTGCCC-1,1
TTCCAATCTGGCTATC-1,1
TTCCACACAGATTTGA-1,1
TTCCGCGTGAGGCGAT-1,1
TTCCGGCCTTGAGGCT-1,1
TTCCGGTTACCCACTT-1,1
TTCCTCGGACTAACCA-1,1
TTCGACAGAGCCCGTG-1,1
TTCGCACTGTACGACA-1,1
TTCGCGCGCCATACGA-1,1
TTCGGGACTAATCGCG-1,1
TTCGGGCGCTAGTCTT-1,1
TTCGGTACTGTAGAGG-1,1
TTCTAACCGAAGCTTA-1,1
TTCTAGAAAGTCTTAT-1,1
TTCTATTAAACGCAGC-1,1
TTCTGACCGGGCTCAA-1,1
TTCTGCCGCGCCTAGA-1,1
TTCTGCGGGTTAGCGG-1,1
TTCTTGAGCCGCGCTA-1,1
TTCTTGGACGATCTGC-1,1
TTCTTGGAGTAATGAG-1,1
TTGAACGACGTGCTGA-1,1
TTGAAGAATTCCCAGG-1,1
TTGAATATGGACTTTC-1,1
TTGAATTCACGTGAGG-1,1
TTGACAGGAGCTCCCG-1,1
TTGACATGAACGTGGA-1,1
TTGACCAGGAACAACT-1,1
TTGACCATGTTCTCCG-1,1
TTGACCGTGTTAATGA-1,1
TTGACGCTCCATGAGC-1,1
TTGACTACCATATGGT-1,1
TTGAGAAGTTTAGCAT-1,1
TTGAGAGTACTGCTAA-1,1
TTGATCTAACTTTGTC-1,1
TTGATGTGTAGTCCCG-1,1
TTGATTAGCTGTTTCT-1,1
TTGCAAGAAGACTCCT-1,1
TTGCACAATTCAGAAA-1,1
TTGCACGGAGCAGCAC-1,1
TTGCATGCTGATCACG-1,1
TTGCCCTGATCACGGG-1,1
TTGCCGCTTTCTAGTA-1,1
TTGCGGCATCAGAAAG-1,1
TTGCGTCGGCCAACCG-1,1
TTGCTCCCATACCGGA-1,1
TTGCTGATCATGTTCG-1,1
TTGGACCTATAACAGT-1,1
TTGGATATCGTCTACG-1,1
TTGGGAAGACGAGCCG-1,1
TTGGGACACTGCCCGC-1,1
TTGGGCGGCGGTTGCC-1,1
TTGGTCACACTCGTAA-1,1
TTGTAAGGACCTAAGT-1,1
TTGTAAGGCCAGTTGG-1,1
TTGTAATCCGTACTCG-1,1
TTGTCGTTCAGTTACC-1,1
TTGTGAACCTAATCCG-1,1
TTGTGCAGCCACGTCA-1,1
TTGTGGTAGGAGGGAT-1,1
TTGTGTATGCCACCAA-1,1
TTGTGTTTCCCGAAAG-1,1
TTGTTCAGTGTGCTAC-1,1
TTGTTGTGTGTCAAGA-1,1
TTGTTTCACATCCAGG-1,1
